Date,Close,Volume
2018-10-31,40.0,9000
2018-11-01,40.5,3000
2018-11-02,40.5,0
2018-11-05,40.0,9000
2018-11-06,45.95000076293945,15000
2018-11-07,47.849998474121094,27000
2018-11-09,49.95000076293945,18000
2018-11-12,51.0,6000
2018-11-13,51.0,9000
2018-11-14,52.0,6000
2018-11-15,52.0,0
2018-11-16,52.0,0
2018-11-19,52.0,0
2018-11-20,49.0,12000
2018-11-21,49.0,0
2018-11-22,44.29999923706055,42000
2018-11-26,48.5,21000
2018-11-27,47.5,6000
2018-11-28,47.5,0
2018-11-29,48.0,3000
2018-11-30,48.0,0
2018-12-03,48.25,120000
2018-12-04,48.5,3000
2018-12-05,48.5,0
2018-12-06,48.5,0
2018-12-07,49.0,15000
2018-12-10,49.0,0
2018-12-11,49.0,0
2018-12-12,49.0,0
2018-12-13,49.0,0
2018-12-14,49.0,0
2018-12-17,49.0,0
2018-12-18,49.0,0
2018-12-19,49.0,0
2018-12-20,49.0,0
2018-12-21,49.0,0
2018-12-24,49.0,0
2018-12-26,49.0,0
2018-12-27,49.0,0
2018-12-28,49.5,3000
2018-12-31,49.5,0
2019-01-01,47.0,3000
2019-01-02,47.0,0
2019-01-03,47.0,0
2019-01-04,47.0,0
2019-01-07,48.0,6000
2019-01-08,49.0,18000
2019-01-09,48.5,3000
2019-01-10,48.5,0
2019-01-11,48.5,0
2019-01-14,48.5,0
2019-01-15,48.5,0
2019-01-16,48.5,0
2019-01-17,47.0,3000
2019-01-18,47.0,0
2019-01-21,46.5,3000
2019-01-22,45.5,6000
2019-01-23,44.20000076293945,27000
2019-01-24,44.20000076293945,0
2019-01-25,51.400001525878906,33000
2019-01-28,47.0,6000
2019-01-29,47.0,0
2019-01-30,47.0,0
2019-01-31,47.0,0
2019-02-01,47.0,0
2019-02-04,47.0,0
2019-02-05,46.0,3000
2019-02-06,46.0,3000
2019-02-07,46.0,0
2019-02-08,46.0,0
2019-02-11,46.0,0
2019-02-12,46.0,0
2019-02-14,47.0,138000
2019-02-15,47.0,0
2019-02-18,47.0,0
2019-02-19,47.0,0
2019-02-20,47.0,0
2019-02-21,47.0,0
2019-02-22,47.0,0
2019-02-25,47.0,0
2019-02-26,47.0,0
2019-02-27,47.0,0
2019-02-28,47.0,0
2019-03-01,47.0,0
2019-03-05,47.0,0
2019-03-06,48.0,6000
2019-03-07,48.0,0
2019-03-08,49.900001525878906,24000
2019-03-11,46.0,9000
2019-03-12,46.0,0
2019-03-13,46.0,9000
2019-03-14,46.0,0
2019-03-15,47.900001525878906,21000
2019-03-18,48.0,39000
2019-03-19,47.0,3000
2019-03-20,47.0,12000
2019-03-22,47.0,0
2019-03-25,47.0,0
2019-03-26,47.0,0
2019-03-27,47.0,0
2019-03-28,47.0,6000
2019-04-01,47.0,0
2019-04-02,47.0,0
2019-04-03,47.0,0
2019-04-04,47.0,0
2019-04-05,47.0,0
2019-04-08,47.0,0
2019-04-09,47.5,3000
2019-04-10,47.5,0
2019-04-11,47.5,0
2019-04-12,48.0,6000
2019-04-15,46.0,3000
2019-04-16,46.0,0
2019-04-18,46.0,0
2019-04-22,46.0,0
2019-04-23,46.0,0
2019-04-24,46.0,0
2019-04-25,46.0,0
2019-04-26,46.0,0
2019-04-30,45.150001525878906,3000
2019-05-02,45.150001525878906,0
2019-05-03,45.150001525878906,0
2019-05-06,45.150001525878906,0
2019-05-07,45.0,3000
2019-05-08,45.0,0
2019-05-09,45.0,0
2019-05-10,45.0,0
2019-05-13,45.0,0
2019-05-14,45.0,0
2019-05-15,45.0,0
2019-05-16,45.0,0
2019-05-17,45.0,0
2019-05-20,45.0,0
2019-05-21,47.0,3000
2019-05-22,47.0,0
2019-05-23,47.0,0
2019-05-24,46.0,3000
2019-05-27,46.0,0
2019-05-28,46.0,0
2019-05-29,46.0,0
2019-05-30,46.0,3000
2019-05-31,46.0,0
2019-06-03,47.20000076293945,15000
2019-06-04,47.0,6000
2019-06-06,46.5,30000
2019-06-07,46.5,0
2019-06-10,46.349998474121094,9000
2019-06-11,46.400001525878906,6000
2019-06-12,46.0,3000
2019-06-13,46.0,0
2019-06-14,46.0,0
2019-06-17,46.0,0
2019-06-18,46.0,0
2019-06-19,46.0,0
2019-06-20,46.0,0
2019-06-21,46.0,0
2019-06-24,46.0,0
2019-06-25,46.0,0
2019-06-26,46.0,0
2019-06-27,45.5,3000
2019-06-28,45.5,0
2019-07-01,45.5,0
2019-07-02,45.5,0
2019-07-03,45.5,0
2019-07-04,42.5,9000
2019-07-05,42.5,3000
2019-07-08,40.0,12000
2019-07-09,40.0,0
2019-07-10,39.5,6000
2019-07-11,38.5,3000
2019-07-12,39.0,6000
2019-07-15,40.0,12000
2019-07-16,38.5,3000
2019-07-17,37.5,6000
2019-07-18,37.0,12000
2019-07-19,37.0,0
2019-07-22,37.0,0
2019-07-23,37.0,0
2019-07-24,37.0,0
2019-07-25,37.0,0
2019-07-26,37.0,0
2019-07-29,37.0,3000
2019-07-30,37.0,0
2019-07-31,37.0,0
2019-08-01,37.0,0
2019-08-02,37.0,0
2019-08-05,36.0,3000
2019-08-06,36.0,0
2019-08-07,36.0,0
2019-08-08,34.0,6000
2019-08-09,34.0,6000
2019-08-13,33.5,3000
2019-08-14,33.5,0
2019-08-16,33.5,0
2019-08-19,33.5,0
2019-08-20,33.5,0
2019-08-21,33.5,0
2019-08-22,33.5,0
2019-08-23,32.0,9000
2019-08-26,32.0,0
2019-08-27,32.0,0
2019-08-28,32.0,0
2019-08-29,31.0,3000
2019-08-30,31.0,0
2019-09-03,30.0,6000
2019-09-04,28.0,3000
2019-09-05,26.5,3000
2019-09-06,26.0,3000
2019-09-09,25.5,21000
2019-09-11,24.5,9000
2019-09-12,24.0,6000
2019-09-13,27.0,15000
2019-09-16,27.5,9000
2019-09-17,27.5,0
2019-09-18,27.5,0
2019-09-19,27.5,0
2019-09-20,28.0,6000
2019-09-23,28.0,3000
2019-09-24,28.0,0
2019-09-25,28.0,0
2019-09-26,28.0,0
2019-09-27,28.0,0
2019-09-30,29.0,3000
2019-10-01,29.5,6000
2019-10-03,29.5,0
2019-10-04,32.0,9000
2019-10-07,37.0,18000
2019-10-09,37.0,0
2019-10-10,37.0,0
2019-10-11,37.0,0
2019-10-14,37.0,0
2019-10-15,37.0,0
2019-10-16,38.0,6000
2019-10-17,40.0,6000
2019-10-18,40.0,0
2019-10-22,40.0,3000
2019-10-23,40.0,0
2019-10-24,40.29999923706055,3000
2019-10-25,40.0,3000
2019-10-29,40.0,0
2019-10-30,40.0,0
2019-10-31,41.20000076293945,21000
2019-11-01,41.20000076293945,0
2019-11-04,41.20000076293945,0
2019-11-05,41.20000076293945,0
2019-11-06,40.5,6000
2019-11-07,40.400001525878906,3000
2019-11-08,39.5,24000
2019-11-11,38.5,3000
2019-11-13,38.5,3000
2019-11-14,38.5,0
2019-11-15,38.5,0
2019-11-18,38.5,0
2019-11-19,38.5,0
2019-11-20,38.5,0
2019-11-21,38.5,0
2019-11-22,38.5,0
2019-11-25,38.5,0
2019-11-26,37.5,3000
2019-11-27,37.5,0
2019-11-28,37.5,0
2019-11-29,38.5,6000
2019-12-02,38.5,0
2019-12-03,37.5,3000
2019-12-04,37.5,0
2019-12-05,37.5,0
2019-12-06,37.5,0
2019-12-09,37.5,0
2019-12-10,37.5,0
2019-12-11,37.5,0
2019-12-12,37.5,0
2019-12-13,37.5,0
2019-12-16,37.5,0
2019-12-17,37.5,0
2019-12-18,37.5,0
2019-12-19,37.5,0
2019-12-20,37.5,0
2019-12-23,37.5,0
2019-12-24,37.5,0
2019-12-26,37.5,0
2019-12-27,37.5,0
2019-12-30,37.5,0
2019-12-31,37.5,0
2020-01-01,37.5,0
2020-01-02,37.5,0
2020-01-03,37.5,0
2020-01-06,37.5,0
2020-01-07,37.5,0
2020-01-08,37.5,0
2020-01-09,37.5,0
2020-01-10,37.5,3000
2020-01-13,37.5,0
2020-01-14,37.5,0
2020-01-15,37.5,0
2020-01-16,37.5,0
2020-01-17,37.5,0
2020-01-20,37.5,0
2020-01-21,37.5,0
2020-01-22,37.5,0
2020-01-23,37.5,0
2020-01-24,37.5,0
2020-01-27,37.5,0
2020-01-28,33.0,9000
2020-01-29,33.0,0
2020-01-30,31.5,6000
2020-01-31,31.5,0
2020-02-03,31.5,0
2020-02-04,31.5,0
2020-02-05,31.5,0
2020-02-06,31.5,0
2020-02-07,31.5,0
2020-02-10,31.5,6000
2020-02-11,33.5,3000
2020-02-12,35.0,3000
2020-02-13,36.0,39000
2020-02-14,36.0,0
2020-02-17,36.0,0
2020-02-18,34.0,3000
2020-02-19,34.0,0
2020-02-20,34.0,0
2020-02-24,34.0,0
2020-02-25,35.900001525878906,66000
2020-02-26,35.900001525878906,0
2020-02-27,35.900001525878906,0
2020-02-28,35.900001525878906,0
2020-03-02,35.900001525878906,0
2020-03-03,35.5,3000
2020-03-04,35.5,0
2020-03-05,35.5,0
2020-03-06,35.5,0
2020-03-09,35.0,3000
2020-03-11,35.0,0
2020-03-12,35.0,0
2020-03-13,35.0,0
2020-03-16,33.0,9000
2020-03-17,33.0,0
2020-03-18,32.45000076293945,9000
2020-03-19,32.45000076293945,0
2020-03-20,32.45000076293945,0
2020-03-23,32.45000076293945,0
2020-03-24,33.5,3000
2020-03-25,33.5,0
2020-03-26,33.5,0
2020-03-27,33.5,0
2020-03-30,33.5,0
2020-03-31,33.5,0
2020-04-01,33.5,0
2020-04-03,33.5,0
2020-04-07,33.5,0
2020-04-08,35.5,3000
2020-04-09,35.5,0
2020-04-13,35.5,0
2020-04-15,35.5,0
2020-04-16,35.5,0
2020-04-17,35.5,0
2020-04-20,35.5,0
2020-04-21,35.5,0
2020-04-22,35.5,0
2020-04-23,35.5,0
2020-04-24,35.5,0
2020-04-27,35.5,0
2020-04-28,35.5,0
2020-04-29,35.5,0
2020-04-30,35.5,0
2020-05-04,35.5,0
2020-05-05,35.5,0
2020-05-06,35.5,0
2020-05-07,35.5,0
2020-05-08,35.5,0
2020-05-11,35.5,0
2020-05-12,35.5,0
2020-05-13,35.5,0
2020-05-14,35.5,0
2020-05-15,35.5,0
2020-05-18,35.5,0
2020-05-19,35.5,0
2020-05-20,35.5,0
2020-05-21,35.5,0
2020-05-22,35.5,0
2020-05-26,35.5,0
2020-05-27,35.5,0
2020-05-28,35.5,0
2020-05-29,35.5,0
2020-06-01,35.5,0
2020-06-02,35.5,0
2020-06-03,35.5,0
2020-06-04,35.5,0
2020-06-05,35.5,0
2020-06-08,35.5,0
2020-06-09,35.5,0
2020-06-10,35.5,0
2020-06-11,35.5,0
2020-06-12,35.5,0
2020-06-15,35.5,0
2020-06-16,35.5,0
2020-06-17,35.5,0
2020-06-18,35.5,0
2020-06-19,35.5,0
2020-06-22,35.5,0
2020-06-23,35.5,0
2020-06-24,35.5,0
2020-06-25,35.5,0
2020-06-26,35.5,0
2020-06-29,35.5,0
2020-06-30,35.5,0
2020-07-01,35.5,0
2020-07-02,35.5,0
2020-07-03,35.5,0
2020-07-06,35.5,0
2020-07-07,35.5,0
2020-07-08,35.5,0
2020-07-09,35.5,0
2020-07-10,35.5,0
2020-07-13,35.5,0
2020-07-14,35.5,0
2020-07-15,35.5,0
2020-07-16,35.5,0
2020-07-17,35.5,0
2020-07-20,35.5,0
2020-07-21,35.5,0
2020-07-22,35.5,0
2020-07-23,35.5,0
2020-07-24,35.5,0
2020-07-27,35.5,0
2020-07-28,35.5,0
2020-07-29,29.0,3000
2020-07-30,33.70000076293945,3000
2020-07-31,33.70000076293945,0
2020-08-03,33.70000076293945,0
2020-08-04,33.70000076293945,0
2020-08-05,33.70000076293945,0
2020-08-06,33.70000076293945,0
2020-08-07,33.70000076293945,0
2020-08-10,33.70000076293945,0
2020-08-11,33.70000076293945,0
2020-08-12,33.70000076293945,0
2020-08-13,33.70000076293945,0
2020-08-14,35.0,3000
2020-08-17,35.0,0
2020-08-18,36.5,3000
2020-08-19,38.5,9000
2020-08-20,38.5,0
2020-08-21,40.0,3000
2020-08-24,38.75,3000
2020-08-25,41.5,12000
2020-08-26,35.0,33000
2020-08-27,34.5,6000
2020-08-28,33.0,3000
2020-08-31,33.0,0
2020-09-01,33.0,0
2020-09-02,33.0,0
2020-09-03,33.0,0
2020-09-04,33.0,0
2020-09-07,33.0,0
2020-09-08,33.0,0
2020-09-09,33.0,0
2020-09-10,33.0,0
2020-09-11,33.0,0
2020-09-14,33.0,0
2020-09-15,33.0,0
2020-09-16,33.0,0
2020-09-17,33.95000076293945,3000
2020-09-18,33.95000076293945,0
2020-09-21,33.95000076293945,0
2020-09-22,30.0,9000
2020-09-23,32.0,3000
2020-09-24,30.0,3000
2020-09-25,30.0,3000
2020-09-28,30.0,0
2020-09-29,30.0,0
2020-09-30,30.0,0
2020-10-01,30.0,0
2020-10-05,30.0,18000
2020-10-06,30.0,0
2020-10-07,30.0,0
2020-10-08,29.950000762939453,12000
2020-10-09,29.950000762939453,0
2020-10-12,29.950000762939453,0
2020-10-13,29.950000762939453,0
2020-10-14,29.950000762939453,0
2020-10-15,29.950000762939453,0
2020-10-16,29.950000762939453,0
2020-10-19,29.950000762939453,0
2020-10-20,29.950000762939453,0
2020-10-21,29.950000762939453,0
2020-10-22,29.950000762939453,0
2020-10-23,29.950000762939453,0
2020-10-26,29.950000762939453,0
2020-10-27,32.0,18000
2020-10-28,29.0,6000
2020-10-29,29.0,0
2020-10-30,27.5,6000
2020-11-02,27.5,0
2020-11-03,27.5,0
2020-11-04,27.5,0
2020-11-05,27.5,0
2020-11-06,28.950000762939453,3000
2020-11-09,28.950000762939453,0
2020-11-10,28.950000762939453,0
2020-11-11,28.950000762939453,0
2020-11-12,28.950000762939453,0
2020-11-13,30.0,6000
2020-11-14,32.0,6000
2020-11-17,30.399999618530273,15000
2020-11-18,30.0,9000
2020-11-19,30.0,57000
2020-11-20,33.400001525878906,90000
2020-11-23,34.0,9000
2020-11-24,36.5,9000
2020-11-25,36.5,0
2020-11-26,36.5,0
2020-11-27,36.5,0
2020-12-01,40.0,6000
2020-12-02,39.0,3000
2020-12-03,37.5,3000
2020-12-04,39.0,3000
2020-12-07,40.0,3000
2020-12-08,40.0,3000
2020-12-09,40.099998474121094,6000
2020-12-10,40.099998474121094,0
2020-12-11,40.099998474121094,0
2020-12-14,40.099998474121094,0
2020-12-15,40.099998474121094,0
2020-12-16,41.0,12000
2020-12-17,45.099998474121094,108000
2020-12-18,47.0,51000
2020-12-21,47.0,9000
2020-12-22,48.0,3000
2020-12-23,48.20000076293945,3000
2020-12-24,49.95000076293945,18000
2020-12-28,52.0,15000
2020-12-29,51.0,12000
2020-12-30,51.0,0
2020-12-31,51.0,0
2021-01-01,51.0,0
2021-01-04,53.5,3000
2021-01-05,53.5,0
2021-01-06,54.0,6000
2021-01-07,54.0,18000
2021-01-08,58.0,24000
2021-01-11,59.95000076293945,12000
2021-01-12,63.75,66000
2021-01-13,65.4000015258789,21000
2021-01-14,71.0,36000
2021-01-15,72.0,6000
2021-01-18,71.94999694824219,6000
2021-01-19,71.94999694824219,0
2021-01-20,71.0,9000
2021-01-21,71.0,0
2021-01-22,71.0,0
2021-01-25,67.44999694824219,9000
2021-01-27,64.0999984741211,3000
2021-01-28,60.900001525878906,30000
2021-01-29,57.900001525878906,6000
2021-02-01,55.04999923706055,6000
2021-02-02,55.04999923706055,0
2021-02-03,55.04999923706055,0
2021-02-04,55.04999923706055,0
2021-02-05,57.0,6000
2021-02-08,59.849998474121094,3000
2021-02-09,62.79999923706055,3000
2021-02-10,65.9000015258789,6000
2021-02-11,65.9000015258789,0
2021-02-12,69.1500015258789,6000
2021-02-15,72.30000305175781,15000
2021-02-16,68.69999694824219,15000
2021-02-17,71.5999984741211,9000
2021-02-18,71.5999984741211,0
2021-02-19,71.5999984741211,0
2021-02-22,71.5999984741211,0
2021-02-23,71.5999984741211,0
2021-02-24,71.5999984741211,0
2021-02-25,68.0999984741211,3000
2021-02-26,68.0,3000
2021-03-01,68.0,0
2021-03-02,68.0,0
2021-03-03,67.0,3000
2021-03-04,67.0,0
2021-03-05,67.0,0
2021-03-08,67.0,0
2021-03-09,67.0,0
2021-03-10,67.0,0
2021-03-12,67.0,0
2021-03-15,68.75,3000
2021-03-16,68.0,3000
2021-03-17,68.0,0
2021-03-18,70.0,3000
2021-03-19,73.0,3000
2021-03-22,76.5999984741211,3000
2021-03-23,80.4000015258789,15000
2021-03-24,78.69999694824219,24000
2021-03-25,81.75,6000
2021-03-26,82.55000305175781,63000
2021-03-30,79.0,12000
2021-03-31,79.0,0
2021-04-01,80.0,3000
2021-04-05,79.0,3000
2021-04-06,78.05000305175781,153000
2021-04-07,80.0,9000
2021-04-08,80.0,6000
2021-04-09,80.0,3000
2021-04-12,78.0,3000
2021-04-13,78.0,0
2021-04-15,78.0,0
2021-04-16,78.0,0
2021-04-19,78.0,0
2021-04-20,74.0999984741211,6000
2021-04-22,75.0,3000
2021-04-23,76.0,3000
2021-04-26,76.0,0
2021-04-27,76.0,0
2021-04-28,76.0,0
2021-04-29,76.0,0
2021-04-30,75.0,3000
2021-05-03,75.0,0
2021-05-04,75.0,0
2021-05-05,75.0,0
2021-05-06,75.0,0
2021-05-07,75.0,0
2021-05-10,75.0,0
2021-05-11,75.0,0
2021-05-12,75.0,0
2021-05-14,75.0,0
2021-05-17,75.0,0
2021-05-18,77.0,3000
2021-05-19,77.0,0
2021-05-20,77.0,0
2021-05-21,77.0,0
2021-05-24,77.0,0
2021-05-25,77.0,0
2021-05-26,78.80000305175781,18000
2021-05-27,78.80000305175781,0
2021-05-28,81.0,6000
2021-05-31,81.0,0
2021-06-01,77.0,9000
2021-06-02,75.0999984741211,27000
2021-06-03,75.0999984741211,0
2021-06-04,75.0,3000
2021-06-07,75.0,150000
2021-06-08,75.0,0
2021-06-09,74.0,6000
2021-06-10,74.0,195000
2021-06-11,75.0,6000
2021-06-14,75.0999984741211,201000
2021-06-15,75.0999984741211,0
2021-06-16,77.0,3000
2021-06-17,77.0,0
2021-06-18,74.0,12000
2021-06-21,77.0,153000
2021-06-22,77.0,0
2021-06-23,77.0,0
2021-06-24,77.0,0
2021-06-25,77.0,0
2021-06-28,75.0999984741211,126000
2021-06-29,75.0999984741211,0
2021-06-30,75.5,237000
2021-07-01,75.5,0
2021-07-02,75.5,0
2021-07-05,79.25,6000
2021-07-06,79.25,0
2021-07-07,76.0,3000
2021-07-08,75.0,30000
2021-07-09,75.0,0
2021-07-12,75.0,0
2021-07-13,74.5,6000
2021-07-14,76.0,177000
2021-07-15,77.0,21000
2021-07-16,77.0,0
2021-07-19,77.0,6000
2021-07-20,78.0,3000
2021-07-22,77.0,63000
2021-07-23,78.0,6000
2021-07-26,78.5,3000
2021-07-27,79.0,3000
2021-07-28,81.0,3000
2021-07-29,80.0,3000
2021-07-30,78.0999984741211,6000
2021-08-02,82.0,24000
2021-08-03,86.0999984741211,21000
2021-08-04,90.4000015258789,24000
2021-08-05,94.9000015258789,21000
2021-08-06,99.25,21000
2021-08-09,94.9000015258789,24000
2021-08-10,94.9000015258789,0
2021-08-11,91.0,30000
2021-08-12,90.94999694824219,6000
2021-08-13,88.5,12000
2021-08-16,85.05000305175781,222000
2021-08-17,88.19999694824219,9000
2021-08-18,91.5,12000
2021-08-20,89.5,15000
2021-08-23,87.0999984741211,27000
2021-08-24,88.4000015258789,36000
2021-08-25,88.4000015258789,0
2021-08-26,92.80000305175781,6000
2021-08-27,91.5999984741211,3000
2021-08-30,94.5,9000
2021-08-31,90.5,6000
2021-09-01,92.0,6000
2021-09-02,93.0,3000
2021-09-03,95.0,3000
2021-09-06,90.8499984741211,15000
2021-09-07,89.75,6000
2021-09-08,90.3499984741211,9000
2021-09-09,90.5,333000
2021-09-13,90.5,0
2021-09-14,90.5,0
2021-09-15,95.0,6000
2021-09-16,95.0,3000
2021-09-17,98.9000015258789,3000
2021-09-20,97.0,6000
2021-09-21,97.0,0
2021-09-22,97.0,0
2021-09-23,97.0,0
2021-09-24,98.0,3000
2021-09-27,98.0,0
2021-09-28,97.0,15000
2021-09-29,97.0,0
2021-09-30,97.0,3000
2021-10-01,95.0999984741211,3000
2021-10-04,95.0999984741211,0
2021-10-05,95.0999984741211,0
2021-10-06,95.0999984741211,0
2021-10-07,95.0999984741211,0
2021-10-08,95.0999984741211,0
2021-10-11,95.0999984741211,0
2021-10-12,98.0,3000
2021-10-13,98.5,6000
2021-10-14,98.5,0
2021-10-18,98.5,0
2021-10-19,98.5,0
2021-10-20,95.19999694824219,3000
2021-10-21,95.0,3000
2021-10-22,95.0,0
2021-10-25,95.0,0
2021-10-26,95.0,0
2021-10-27,95.0,0
2021-10-28,95.0,0
2021-10-29,95.0,0
2021-11-01,95.0,0
2021-11-02,95.0,0
2021-11-03,95.0,0
2021-11-04,95.0,30000
2021-11-08,96.0,6000
2021-11-09,95.0,159000
2021-11-10,95.69999694824219,6000
2021-11-11,95.69999694824219,0
2021-11-12,95.69999694824219,0
2021-11-15,99.5,12000
2021-11-16,104.0,33000
2021-11-17,109.19999694824219,39000
2021-11-18,114.6500015258789,51000
2021-11-22,120.3499984741211,6000
2021-11-23,120.3499984741211,0
2021-11-24,132.64999389648438,57000
2021-11-25,139.25,6000
2021-11-26,146.1999969482422,66000
2021-11-29,153.5,48000
2021-11-30,161.14999389648438,30000
2021-12-01,153.10000610351562,84000
2021-12-02,145.4499969482422,72000
2021-12-03,144.39999389648438,15000
2021-12-06,147.25,9000
2021-12-07,154.5500030517578,27000
2021-12-08,154.5500030517578,0
2021-12-09,170.35000610351562,69000
2021-12-10,178.8000030517578,114000
2021-12-13,184.0,3000
2021-12-14,184.0,0
2021-12-15,184.0,0
2021-12-16,184.0,0
2021-12-17,177.0,15000
2021-12-20,170.0,3000
2021-12-21,164.0,3000
2021-12-22,164.0,0
2021-12-23,164.0,0
2021-12-24,160.0,3000
2021-12-27,160.0,0
2021-12-28,160.0,0
2021-12-29,160.0,0
2021-12-30,161.0,3000
2021-12-31,169.0500030517578,6000
2022-01-03,169.0500030517578,0
2022-01-04,169.0500030517578,0
2022-01-05,179.5500030517578,3000
2022-01-06,188.5,39000
2022-01-07,197.89999389648438,9000
2022-01-10,207.75,27000
2022-01-11,218.10000610351562,12000
2022-01-12,229.0,6000
2022-01-13,236.0,42000
2022-01-14,236.0,0
2022-01-17,239.0,9000
2022-01-18,239.9499969482422,21000
2022-01-19,228.0,6000
2022-01-20,216.60000610351562,12000
2022-01-21,206.5,12000
2022-01-24,197.0,3000
2022-01-25,197.0,0
2022-01-27,197.0,0
2022-01-28,217.35000610351562,15000
2022-01-31,228.1999969482422,48000
2022-02-01,239.60000610351562,5000
2022-02-02,251.5500030517578,3000
2022-02-03,264.1000061035156,18000
2022-02-04,277.29998779296875,23000
2022-02-07,275.3999938964844,48000
2022-02-08,261.6499938964844,26000
2022-02-09,248.60000610351562,8000
2022-02-10,236.1999969482422,11000
2022-02-11,224.39999389648438,1000
2022-02-14,213.1999969482422,1000
2022-02-15,223.85000610351562,32000
2022-02-16,223.85000610351562,0
2022-02-17,246.75,1000
2022-02-18,259.04998779296875,10000
2022-02-21,256.54998779296875,49000
2022-02-22,245.25,10000
2022-02-23,257.5,13000
2022-02-24,244.64999389648438,17000
2022-02-25,244.64999389648438,0
2022-02-28,232.4499969482422,3000
2022-03-02,235.0,3000
2022-03-03,227.0500030517578,10000
2022-03-04,232.0,2000
2022-03-07,235.0,17000
2022-03-08,233.25,7000
2022-03-09,237.5,28000
2022-03-10,244.75,4000
2022-03-11,246.0,14000
2022-03-14,237.1999969482422,6000
2022-03-15,229.25,3000
2022-03-16,240.0,46000
2022-03-17,249.0,23000
2022-03-21,246.0,2000
2022-03-22,246.0,1000
2022-03-23,245.0,10000
2022-03-24,252.0,5000
2022-03-25,252.0,1000
2022-03-28,245.0,3000
2022-03-29,240.0,31000
2022-03-30,250.0,1000
2022-03-31,250.0,0
2022-04-01,250.0,1000
2022-04-04,252.0,3000
2022-04-05,252.1999969482422,3000
2022-04-06,250.10000610351562,5000
2022-04-07,255.0,8000
2022-04-08,278.0,32000
2022-04-11,294.0,9000
2022-04-12,287.0,11000
2022-04-13,297.25,8000
2022-04-18,290.0,2000
2022-04-19,280.0,4000
2022-04-20,280.0,1000
2022-04-21,280.0,2000
2022-04-22,275.0,1000
2022-04-25,275.0,0
2022-04-26,275.0,1000
2022-04-27,275.0,0
2022-04-28,275.0,1000
2022-04-29,270.0,8000
2022-05-02,270.0,0
2022-05-04,271.0,6000
2022-05-05,270.20001220703125,2000
2022-05-06,270.20001220703125,0
2022-05-09,270.0,3000
2022-05-10,262.0,4000
2022-05-11,262.0,0
2022-05-12,255.0,7000
2022-05-13,260.0,3000
2022-05-16,250.0,1000
2022-05-17,258.54998779296875,7000
2022-05-18,247.0,2000
2022-05-19,250.0,4000
2022-05-20,241.60000610351562,6000
2022-05-23,241.60000610351562,0
2022-05-24,241.60000610351562,0
2022-05-25,241.60000610351562,0
2022-05-26,241.60000610351562,0
2022-05-27,241.60000610351562,0
2022-05-30,245.0,1000
2022-05-31,231.1999969482422,12000
2022-06-01,235.0,7000
2022-06-02,235.0,0
2022-06-03,237.0,5000
2022-06-06,237.0,0
2022-06-07,235.0,2000
2022-06-08,235.0,0
2022-06-09,235.0,0
2022-06-10,235.0,0
2022-06-13,225.0,1000
2022-06-14,222.0,8000
2022-06-15,222.0,0
2022-06-16,215.0,1000
2022-06-17,215.0,2000
2022-06-20,210.0500030517578,2000
2022-06-21,215.0,11000
2022-06-22,219.0,1000
2022-06-23,222.0,12000
2022-06-24,222.0,0
2022-06-27,222.0,0
2022-06-28,225.0,1000
2022-06-29,240.0,2000
2022-06-30,235.0,6000
2022-07-01,235.0,5000
2022-07-04,235.0,0
2022-07-05,227.0,5000
2022-07-06,235.0,5000
2022-07-07,225.0,5000
2022-07-08,230.0,1000
2022-07-11,232.0,1000
2022-07-12,235.0,2000
2022-07-13,225.0,6000
2022-07-14,225.0,0
2022-07-15,225.0,0
2022-07-18,230.0,2000
2022-07-19,222.0,3000
2022-07-20,226.0,1000
2022-07-21,225.0,1000
2022-07-22,225.0,0
2022-07-25,225.0,0
2022-07-26,225.0,0
2022-07-27,225.0,0
2022-07-28,220.0,20000
2022-07-29,228.0,14000
2022-08-01,220.0,8000
2022-08-02,224.0,13000
2022-08-03,224.0,0
2022-08-04,223.0,6000
2022-08-05,220.0,4000
2022-08-08,216.6999969482422,9000
2022-08-10,216.6999969482422,0
2022-08-11,219.0,2000
2022-08-12,214.5,3000
2022-08-16,214.5,0
2022-08-17,220.0,32000
2022-08-18,215.0,2000
2022-08-19,215.0,0
2022-08-22,215.0,0
2022-08-23,215.0,2000
2022-08-24,256.45001220703125,36000
2022-08-25,270.04998779296875,21000
2022-08-26,273.0,3000
2022-08-29,269.6499938964844,11000
2022-08-30,274.8999938964844,3000
2022-09-01,284.0,21000
2022-09-02,284.0,6000
2022-09-05,275.0,4000
2022-09-06,261.6499938964844,4000
2022-09-07,261.0,4000
2022-09-08,270.0,14000
2022-09-09,280.0,5000
2022-09-12,285.0,14000
2022-09-13,298.79998779296875,26000
2022-09-14,328.45001220703125,22000
2022-09-15,326.75,26000
2022-09-16,298.0,12000
2022-09-19,298.0,2000
2022-09-20,298.0,0
2022-09-21,298.0,4000
2022-09-22,298.0,2000
2022-09-23,300.0,4000
2022-09-26,280.0,3000
2022-09-27,280.0,1000
2022-09-28,280.0,0
2022-09-29,271.0,1000
2022-09-30,289.0,6000
2022-10-03,280.0,2000
2022-10-04,289.95001220703125,1000
2022-10-06,290.0,2000
2022-10-07,280.0,2000
2022-10-10,280.0,0
2022-10-11,275.0,1000
2022-10-12,280.8999938964844,1000
2022-10-13,270.0,1000
2022-10-14,270.0,0
2022-10-17,270.0,0
2022-10-18,270.0,0
2022-10-19,275.0,17000
2022-10-20,280.0,6000
2022-10-21,280.0,4000
2022-10-24,278.5,10000
2022-10-25,260.3500061035156,11000
2022-10-27,265.0,3000
2022-10-28,265.0,0
2022-10-31,261.0,3000
2022-11-01,265.0,2000
2022-11-02,265.0,0
2022-11-03,265.0,0
2022-11-04,260.0,5000
2022-11-07,270.0,1000
2022-11-09,274.95001220703125,1000
2022-11-10,274.95001220703125,0
2022-11-11,274.95001220703125,0
2022-11-14,255.0,10000
2022-11-15,250.0,7000
2022-11-16,244.89999389648438,6000
2022-11-17,242.89999389648438,8000
2022-11-18,230.0,24000
2022-11-21,240.0,15000
2022-11-22,239.9499969482422,16000
2022-11-23,225.89999389648438,25970
2022-11-24,228.0,10199
2022-11-25,221.5,5408
2022-11-28,224.75,4484
2022-11-29,223.89999389648438,5153
2022-11-30,220.5500030517578,1784
2022-12-01,221.10000610351562,3777
2022-12-02,218.85000610351562,4477
2022-12-05,224.60000610351562,4020
2022-12-06,220.60000610351562,15920
2022-12-07,227.6999969482422,7992
2022-12-08,236.60000610351562,43036
2022-12-09,238.0,12818
2022-12-12,238.10000610351562,13428
2022-12-13,241.4499969482422,43269
2022-12-14,260.0,81380
2022-12-15,264.29998779296875,16968
2022-12-16,257.6000061035156,13158
2022-12-19,256.5,4408
2022-12-20,250.5,9862
2022-12-21,238.8000030517578,14992
2022-12-22,231.75,14848
2022-12-23,228.89999389648438,7252
2022-12-26,233.89999389648438,8590
2022-12-27,231.4499969482422,9851
2022-12-28,232.85000610351562,3466
2022-12-29,235.25,9723
2022-12-30,234.35000610351562,10805
2023-01-02,229.6999969482422,11241
2023-01-03,239.0,135106
2023-01-04,265.3500061035156,44957
2023-01-05,253.89999389648438,22127
2023-01-06,246.3000030517578,10103
2023-01-09,243.60000610351562,4386
2023-01-10,249.5500030517578,3517
2023-01-11,248.9499969482422,1263
2023-01-12,244.5,1872
2023-01-13,246.35000610351562,2105
2023-01-16,257.6499938964844,21212
2023-01-17,277.70001220703125,39812
2023-01-18,292.6000061035156,71931
2023-01-19,279.3999938964844,58955
2023-01-20,267.8500061035156,24537
2023-01-23,270.6000061035156,13133
2023-01-24,268.20001220703125,136743
2023-01-25,266.04998779296875,13221
2023-01-27,255.9499969482422,13397
2023-01-30,258.25,7596
2023-01-31,261.20001220703125,4933
2023-02-01,257.5,6344
2023-02-02,256.54998779296875,6331
2023-02-03,258.1000061035156,4509
2023-02-06,257.75,1947
2023-02-07,261.25,4303
2023-02-08,261.75,2734
2023-02-09,257.25,867
2023-02-10,241.6999969482422,19828
2023-02-13,249.10000610351562,7111
2023-02-14,242.35000610351562,5744
2023-02-15,232.0500030517578,40350
2023-02-16,226.35000610351562,17985
2023-02-17,228.9499969482422,4182
2023-02-20,229.89999389648438,3849
2023-02-21,227.85000610351562,1920
2023-02-22,226.1999969482422,2812
2023-02-23,229.0,1285
2023-02-24,229.10000610351562,1803
2023-02-27,224.89999389648438,4465
2023-02-28,220.35000610351562,7900
2023-03-01,218.85000610351562,8875
2023-03-02,220.4499969482422,2934
2023-03-03,221.10000610351562,9993
2023-03-06,222.5500030517578,6275
2023-03-08,221.5500030517578,2803
2023-03-09,221.85000610351562,3943
2023-03-10,223.10000610351562,3111
2023-03-13,211.10000610351562,9038
2023-03-14,202.1999969482422,19601
2023-03-15,206.4499969482422,3068
2023-03-16,207.35000610351562,7887
2023-03-17,205.1999969482422,4560
2023-03-20,205.0,6194
2023-03-21,215.0,4226
2023-03-22,217.85000610351562,3373
2023-03-23,212.10000610351562,4024
2023-03-24,213.85000610351562,2655
2023-03-27,209.39999389648438,4713
2023-03-28,217.5,16521
2023-03-29,217.8000030517578,8225
2023-03-31,214.1999969482422,8153
2023-04-03,218.0500030517578,2748
2023-04-05,216.6999969482422,5015
2023-04-06,236.85000610351562,14529
2023-04-10,229.39999389648438,2842
2023-04-11,227.89999389648438,3865
2023-04-12,233.25,3680
2023-04-13,227.1999969482422,3066
2023-04-17,225.4499969482422,2735
2023-04-18,217.8000030517578,5980
2023-04-19,222.75,5193
2023-04-20,219.1999969482422,4923
2023-04-21,225.0,4589
2023-04-24,232.0,4476
2023-04-25,234.39999389648438,1537
2023-04-26,231.35000610351562,4628
2023-04-27,229.5500030517578,1330
2023-04-28,233.35000610351562,4811
2023-05-02,233.25,5559
2023-05-03,235.60000610351562,1148
2023-05-04,233.10000610351562,54085
2023-05-05,232.39999389648438,1554
2023-05-08,240.0500030517578,4461
2023-05-09,247.5500030517578,6422
2023-05-10,239.89999389648438,4334
2023-05-11,236.0500030517578,3649
2023-05-12,237.6999969482422,2318
2023-05-15,232.64999389648438,3195
2023-05-16,230.14999389648438,3916
2023-05-17,230.4499969482422,1490
2023-05-18,237.35000610351562,1646
2023-05-19,236.5500030517578,1385
2023-05-22,233.0,3390
2023-05-23,234.64999389648438,784
2023-05-24,232.5500030517578,2768
2023-05-25,232.4499969482422,1052
2023-05-26,228.8000030517578,3335
2023-05-29,229.89999389648438,5665
2023-05-30,228.0,1975
2023-05-31,226.5,6667
2023-06-01,231.35000610351562,9865
2023-06-02,229.39999389648438,5141
2023-06-05,223.39999389648438,3838
2023-06-06,225.3000030517578,5310
2023-06-07,225.6999969482422,5095
2023-06-08,222.6999969482422,8841
2023-06-09,223.0,2934
2023-06-12,227.75,4643
2023-06-13,239.0,7000
2023-06-14,256.29998779296875,18817
2023-06-15,245.3000030517578,11847
2023-06-16,251.60000610351562,12000
2023-06-19,260.8500061035156,77234
2023-06-20,256.3500061035156,12352
2023-06-21,250.39999389648438,5165
2023-06-22,240.5500030517578,7939
2023-06-23,237.35000610351562,2076
2023-06-26,232.25,2685
2023-06-27,236.8000030517578,2503
2023-06-30,230.6999969482422,10356
2023-07-03,229.35000610351562,5951
2023-07-04,255.0500030517578,46015
2023-07-05,243.25,25059
2023-07-06,244.25,3811
2023-07-07,239.14999389648438,5268
2023-07-10,234.3000030517578,3512
2023-07-11,236.5500030517578,7754
2023-07-12,233.89999389648438,10936
2023-07-13,231.60000610351562,37101
2023-07-14,236.25,9284
2023-07-17,237.25,10333
2023-07-18,231.5500030517578,7792
2023-07-19,239.0500030517578,8352
2023-07-20,237.5500030517578,7104
2023-07-21,230.89999389648438,18607
2023-07-24,231.6999969482422,4138
2023-07-25,233.10000610351562,2420
2023-07-26,228.85000610351562,7961
2023-07-27,230.89999389648438,2006
2023-07-28,231.3000030517578,5338
2023-07-31,231.60000610351562,8877
2023-08-01,228.14999389648438,18802
2023-08-02,228.6999969482422,9047
2023-08-03,234.60000610351562,11726
2023-08-04,235.5500030517578,10514
2023-08-07,234.89999389648438,6891
2023-08-08,239.64999389648438,6753
2023-08-09,236.75,5637
2023-08-10,237.0,4035
2023-08-11,234.89999389648438,7170
2023-08-14,235.85000610351562,11298
2023-08-16,233.0,2659
2023-08-17,231.5,1275
2023-08-18,230.39999389648438,7096
2023-08-21,229.35000610351562,5589
2023-08-22,257.1000061035156,38870
2023-08-23,263.95001220703125,291127
2023-08-24,254.4499969482422,34589
2023-08-25,251.10000610351562,11553
2023-08-28,247.5,8854
2023-08-29,242.75,6782
2023-08-30,241.89999389648438,6546
2023-08-31,241.89999389648438,5658
2023-09-01,245.5,8548
2023-09-04,245.10000610351562,7324
2023-09-05,245.0,5850
